Dan,Anders,72 spring way,25,Skiing;Boating,pic1.png,
Dan,Robertson,21 winter street,38,Boating;Dogs,pic1.png,
Kale,Anders,72 spring way,21,Skiing;Swimming,pic1.png,
Lee,Robertson,725 spring way,28,Horses,pic1.png,
Chelsea,Smith,126 spring way,35,Skiing;Boating;Swimming,pic2.png,
Sophy,Smith,72 spring way,45,Dogs,pic2.png,
Mark,White,681 spring way,60,Skiing,pic1.png,
Jane,Greenland,783 spring way,75,Skiing;Horses;Archery,pic2.png,
Bill,Clinton,1372 spring way,29,Skiing;Boating;Dogs,pic1.png,
Jennifer,Lawrence,8 spring way,36,Boating,pic2.png,
Paul,Rand,6 spring way,38,Boating;Swimming,pic1.png,
Jane,Doe,218 spring way,42,Dogs;Horses;Archery,pic2.png,
John,Doe,381 spring way,91,Skiing;Dogs,pic1.png,
